id,first_name,last_name,email,gender,product name ,Order date 
1,Zia,Hardaway,zhardaway0@dropbox.com,Bigender,Beets - Pickled,08-10-2023
2,Brooke,Dando,bdando1@squarespace.com,Male,Pancetta,25-10-2023
3,Renate,Legh,rlegh2@exblog.jp,Female,Apples - Spartan,23-02-2024
4,Bette,Cisland,bcisland3@seesaa.net,Female,Scallops - 20/30,23-03-2024
5,Valina,Glassman,vglassman4@army.mil,Female,Fennel - Seeds,05-09-2023
6,Andros,Toffetto,atoffetto5@scientificamerican.com,Male,"Beans - Turtle, Black, Dry",01-12-2023
7,Bordie,Stockford,bstockford6@gov.uk,Male,Scallops - 10/20,15-04-2024
8,Christy,Worvill,cworvill7@spiegel.de,Female,Quail Eggs - Canned,10-09-2023
9,Josefina,Bice,jbice8@oracle.com,Genderfluid,Beer - Original Organic Lager,17-01-2024
10,Sydelle,Banbrick,sbanbrick9@opensource.org,Genderqueer,Lid - 3oz Med Rec,12-05-2023
11,Blinny,Ripsher,bripshera@networkadvertising.org,Female,Corn Kernels - Frozen,05-10-2023
12,Verine,Standell,vstandellb@posterous.com,Female,Potato - Sweet,25-10-2023
13,Stavro,Blanchflower,sblanchflowerc@disqus.com,Male,Cheese - Victor Et Berthold,11-09-2023
14,Monti,Barnewille,mbarnewilled@tuttocitta.it,Male,Mcgillicuddy Vanilla Schnap,17-03-2024
15,Madelina,Lilliman,mlillimane@theatlantic.com,Female,Table Cloth 91x91 Colour,22-02-2024
16,Abram,Brendel,abrendelf@foxnews.com,Male,Plasticforkblack,24-04-2024
17,Hana,Bysh,hbyshg@cnbc.com,Genderfluid,Juice - Lime,20-06-2023
18,Lane,Swadling,lswadlingh@ocn.ne.jp,Female,Nantucket Pine Orangebanana,20-08-2023
19,Reade,Mollon,rmolloni@umn.edu,Male,Flower - Carnations,15-08-2023
20,Walton,Tiffney,wtiffneyj@yelp.com,Male,Wine - Magnotta - Bel Paese White,10-02-2024
21,August,Gringley,agringleyk@google.com.hk,Male,Calypso - Lemonade,21-09-2023
22,Alvy,Job,ajobl@instagram.com,Male,Nantucket - Kiwi Berry Cktl.,14-04-2024
23,Frederich,Blazek,fblazekm@hud.gov,Male,Wine - Bouchard La Vignee Pinot,28-06-2023
24,Eugenie,Hustler,ehustlern@lulu.com,Female,Parsnip,22-05-2023
25,Link,Siggs,lsiggso@nydailynews.com,Male,Shopper Bag - S - 4,25-03-2024
26,Lemmie,Bowton,lbowtonp@dagondesign.com,Male,"Plate - Foam, Bread And Butter",12-10-2023
27,Rodrick,Bulstrode,rbulstrodeq@hubpages.com,Male,Peach - Halves,17-02-2024
28,Winne,Van der Baaren,wvanderbaarenr@businessweek.com,Female,"Soup - Campbells, Butternut",01-09-2023
29,Maitilde,Sully,msullys@hexun.com,Female,Raisin - Golden,09-09-2023
30,Sammy,Saterthwait,ssaterthwaitt@aol.com,Female,Tray - 16in Rnd Blk,02-05-2024
31,Rochette,von Hagt,rvonhagtu@cloudflare.com,Female,Campari,24-09-2023
32,Caresse,Poppleston,cpopplestonv@unc.edu,Female,Chivas Regal - 12 Year Old,29-05-2023
33,Korella,Rabley,krableyw@mozilla.com,Female,"Chocolate - Pistoles, Lactee, Milk",02-01-2024
34,Janaya,Sainte Paul,jsaintepaulx@yellowpages.com,Female,Onions - Cippolini,02-02-2024
35,Xavier,Gligorijevic,xgligorijevicy@fema.gov,Male,"Bread - Crumbs, Bulk",13-09-2023
36,Mellisent,Moff,mmoffz@seattletimes.com,Female,Canada Dry,31-01-2024
37,Correy,Vequaud,cvequaud10@xrea.com,Male,Tia Maria,05-10-2023
38,Ash,Brazier,abrazier11@webmd.com,Genderqueer,Coffee - Decaffeinato Coffee,30-11-2023
39,Rabi,Forsdike,rforsdike12@friendfeed.com,Male,Piping Jelly - All Colours,16-06-2023
40,Borden,Howie,bhowie13@tiny.cc,Male,Alize Sunset,31-05-2023
41,Stinky,Kilvington,skilvington14@msn.com,Male,Chick Peas - Canned,31-01-2024
42,Bobinette,Sterricker,bsterricker15@addthis.com,Female,Wine - Zinfandel Rosenblum,23-05-2023
43,Harwilll,Shervington,hshervington16@foxnews.com,Male,Godiva White Chocolate,12-09-2023
44,Garvy,Hyatt,ghyatt17@discuz.net,Male,Tomatoes - Hot House,17-03-2024
45,Cos,Mcmanaman,cmcmanaman18@parallels.com,Male,Lettuce - Sea / Sea Asparagus,17-10-2023
46,Conny,Seczyk,cseczyk19@techcrunch.com,Non-binary,Praline Paste,22-11-2023
47,Marj,Maddocks,mmaddocks1a@icq.com,Female,Beef - Rib Eye Aaa,17-09-2023
48,Freddie,Martina,fmartina1b@theguardian.com,Polygender,Wine - Pinot Noir Latour,02-08-2023
49,Dannel,Abrahm,dabrahm1c@devhub.com,Male,Cheese - Grie Des Champ,31-08-2023
50,Zola,Antosch,zantosch1d@google.com.au,Female,Coffee - Frthy Coffee Crisp,12-04-2024
51,Corbie,Orton,corton1e@skyrock.com,Male,Parsley - Dried,18-07-2023
52,Toddie,Janosevic,tjanosevic1f@yandex.ru,Male,Tumeric,24-12-2023
53,Clark,Gonnin,cgonnin1g@adobe.com,Male,Dasheen,15-08-2023
54,Cherri,Boyland,cboyland1h@state.gov,Female,Onions - Spanish,24-05-2023
55,Matti,Preator,mpreator1i@accuweather.com,Female,Slt - Individual Portions,29-06-2023
56,Fanchette,Pilipets,fpilipets1j@indiatimes.com,Female,Carbonated Water - Cherry,10-12-2023
57,Frasco,Bauchop,fbauchop1k@whitehouse.gov,Male,"Bread - Rolls, Rye",02-07-2023
58,Bili,Clemmen,bclemmen1l@chicagotribune.com,Female,Thyme - Fresh,03-03-2024
59,Myrtle,Brabben,mbrabben1m@diigo.com,Female,Wine - Zonnebloem Pinotage,27-01-2024
60,Bridget,Solman,bsolman1n@privacy.gov.au,Female,Petite Baguette,14-07-2023
61,Jeanna,Mayer,jmayer1o@yahoo.com,Female,Sauce Bbq Smokey,15-10-2023
62,Gilburt,Miere,gmiere1p@google.com.hk,Male,Muffin Batt - Carrot Spice,08-04-2024
63,Daria,Turnbull,dturnbull1q@list-manage.com,Female,Cheese - Pont Couvert,10-06-2023
64,Yoshiko,Pohls,ypohls1r@wikipedia.org,Female,Lamb Rack Frenched Australian,19-12-2023
65,Winona,Surgood,wsurgood1s@epa.gov,Female,Beef Cheek Fresh,24-07-2023
66,Orton,Lenthall,olenthall1t@home.pl,Male,Dill Weed - Fresh,08-06-2023
67,Tracy,McNirlan,tmcnirlan1u@icio.us,Female,Coffee Beans - Chocolate,01-02-2024
68,Shannan,Olyfant,solyfant1v@webmd.com,Male,Plasticforkblack,14-01-2024
69,Consolata,Kosiada,ckosiada1w@statcounter.com,Female,Coffee Decaf Colombian,26-03-2024
70,Artus,Naseby,anaseby1x@sogou.com,Male,Huck White Towels,01-04-2024
71,Rees,Swenson,rswenson1y@earthlink.net,Genderqueer,Mushroom - White Button,24-01-2024
72,Rockey,Ricart,rricart1z@infoseek.co.jp,Male,Rice - Brown,23-01-2024
73,Laird,Bispo,lbispo20@un.org,Genderfluid,Sauce - Demi Glace,27-06-2023
74,Sarajane,Hug,shug21@nyu.edu,Female,Nantucket - Carrot Orange,27-02-2024
75,Shepard,Lavallin,slavallin22@smh.com.au,Male,Tia Maria,19-09-2023
76,Howard,Neeve,hneeve23@meetup.com,Male,"Beans - Long, Chinese",05-07-2023
77,Mozes,Urlich,murlich24@blogtalkradio.com,Male,Cucumber - English,20-06-2023
78,Salim,Pedroni,spedroni25@stumbleupon.com,Male,Pepperoni Slices,22-03-2024
79,Harmonia,Webberley,hwebberley26@ifeng.com,Female,"Tabasco Sauce, 2 Oz",16-09-2023
80,Prudy,Vivien,pvivien27@nytimes.com,Female,"Cup - 3.5oz, Foam",24-02-2024
81,Luella,Rozet,lrozet28@chicagotribune.com,Female,Pop Shoppe Cream Soda,03-03-2024
82,Martyn,Barlow,mbarlow29@cornell.edu,Male,Soup - Base Broth Chix,14-06-2023
83,Shelby,Reeme,sreeme2a@wsj.com,Agender,Wine - Wyndham Estate Bin 777,10-12-2023
84,Troy,Siebart,tsiebart2b@yahoo.com,Male,Scallops - Live In Shell,27-05-2023
85,Dilly,Knottley,dknottley2c@blogspot.com,Male,Plate Pie Foil,16-03-2024
86,Bernie,Tommis,btommis2d@altervista.org,Male,Cheese - Oka,21-08-2023
87,Sallee,Kitteridge,skitteridge2e@globo.com,Female,"Wine - White, Riesling, Henry Of",25-03-2024
88,Anthony,Blanque,ablanque2f@last.fm,Male,"Soda Water - Club Soda, 355 Ml",29-12-2023
89,Octavius,Fursland,ofursland2g@ameblo.jp,Male,Wine - Magnotta - Cab Franc,04-01-2024
90,Elnar,Whiteway,ewhiteway2h@friendfeed.com,Male,Bagel - 12 Grain Preslice,29-12-2023
91,Bank,Simony,bsimony2i@indiatimes.com,Male,Brandy Apricot,23-11-2023
92,Kassi,Hatt,khatt2j@domainmarket.com,Female,Oysters - Smoked,03-03-2024
93,Gabrila,Tebald,gtebald2k@nature.com,Female,Cheese - Bocconcini,02-01-2024
94,Harman,Clutton,hclutton2l@dyndns.org,Male,Wine - Fume Blanc Fetzer,15-07-2023
95,Ethelda,Klemke,eklemke2m@dailymail.co.uk,Female,Cotton Wet Mop 16 Oz,17-09-2023
96,Lurette,Snoding,lsnoding2n@csmonitor.com,Female,Wasabi Paste,27-11-2023
97,Neron,Fronczak,nfronczak2o@phoca.cz,Male,Coffee - Decaffeinato Coffee,16-07-2023
98,Corly,Benbow,cbenbow2p@hubpages.com,Female,Compound - Passion Fruit,01-12-2023
99,Dede,Firks,dfirks2q@google.de,Female,Wine - Montecillo Rioja Crianza,18-10-2023
100,Georgie,Bagnall,gbagnall2r@businesswire.com,Female,Persimmons,22-06-2023
